ace,winner,double_fault,unf_err,break_pt_won,break_pt_missed,net_pt,net_pt_won,server,run,all_win,win1_mean
0.010536,0.005897,0.000521,0.002178,0.000740,0.013126,0.002400,0.001007,0.002448,0.006218,0.010167,0.040251
0.023719,0.010126,0.006323,0.017204,0.015805,0.012986,0.026490,0.027878,0.003588,0.003419,0.013557,0.079420
0.033244,0.004680,0.040970,0.002945,0.035673,0.054366,0.012099,0.029977,0.029949,0.026810,0.025967,0.110742
